{
  "diagnose_login.py": 1776620726.1437929,
  "backend\\coach.py": 1776620726.0287988,
  "backend\\database.py": 1776620726.0337892,
  "backend\\main.py": 1776620726.0357924,
  "backend\\models.py": 1776620726.0377889,
  "backend\\parser.py": 1776620726.0447905,
  "backend\\plan_data.py": 1776620726.0487995,
  "backend\\seed_week1.py": 1776620726.103789,
  "backend\\weekly_summary.py": 1776620726.1387906,
  "backend\\__init__.py": 1775818240.7516506,
  "backend\\routes\\auth.py": 1776156060.9317281,
  "backend\\routes\\baseline.py": 1776620726.0627913,
  "backend\\routes\\checkin.py": 1776620726.065791,
  "backend\\routes\\coach.py": 1776620726.072786,
  "backend\\routes\\day_log.py": 1776620726.074795,
  "backend\\routes\\plan.py": 1776620726.0827892,
  "backend\\routes\\progress.py": 1776620726.08479,
  "backend\\routes\\today.py": 1776620726.092788,
  "backend\\routes\\weekly.py": 1776620726.095799,
  "backend\\routes\\__init__.py": 1775818238.3746078,
  "backend\\services\\adjuster.py": 1776620726.1277974,
  "backend\\services\\__init__.py": 1776620726.123789,
  "frontend\\vite.config.js": 1775818263.6492043,
  "frontend\\src\\App.jsx": 1776620726.1667936,
  "frontend\\src\\main.jsx": 1775818271.2747755,
  "frontend\\src\\components\\DailyCheckin.jsx": 1776620726.1697912,
  "frontend\\src\\components\\Dashboard.jsx": 1776620726.172789,
  "frontend\\src\\components\\Login.jsx": 1776620726.2017896,
  "frontend\\src\\components\\LogRun.jsx": 1776620726.1927946,
  "frontend\\src\\components\\LogWorkout.jsx": 1776620726.195794,
  "frontend\\src\\components\\PlanViewer.jsx": 1776620726.2147934,
  "frontend\\src\\components\\Today.jsx": 1776620726.2197902,
  "frontend\\src\\components\\WeeklyLog.jsx": 1776620726.299798,
  "frontend\\src\\components\\WeeklyRings.jsx": 1776620726.3157916,
  "frontend\\src\\components\\WeekOverWeek.jsx": 1776620726.296791,
  "frontend\\src\\utils\\api.js": 1776620726.322792,
  "frontend\\src\\utils\\planData.js": 1776620726.3317914,
  "tests\\conftest.py": 1775825194.9668844,
  "tests\\test_adjuster.py": 1776620726.3378031,
  "tests\\test_auth.py": 1775824618.906436,
  "tests\\test_checkin.py": 1775824649.7697585,
  "tests\\test_coach.py": 1776620726.3438003,
  "tests\\test_day_log_and_baseline.py": 1776620726.3487928,
  "tests\\test_parser.py": 1775824687.7649307,
  "tests\\test_plan_data.py": 1776620726.353797,
  "tests\\test_plan_routes.py": 1776620726.3837924,
  "tests\\test_progress.py": 1775824664.8059983,
  "tests\\test_today_activity.py": 1776620726.3877926,
  "tests\\test_weekly.py": 1775824634.6971433,
  "tests\\test_weekly_summary.py": 1776620726.395794,
  "tests\\__init__.py": 1775824691.2740934,
  "CLAUDE.md": 1776153705.5516489,
  "prompt.md": 1776128237.5763247,
  "README.md": 1776620726.025792,
  "backend\\requirements.txt": 1776620726.0537918,
  "test_splits.png": 1775846007.1192014
}